<?xml version="1.0" encoding="UTF-8"?>
<hibernate-configuration>
    <session-factory>
        <property name="hibernate.dialect">org.hibernate.dialect.MySQLDialect</property>
        <property name="hibernate.connection.driver_class">com.mysql.cj.jdbc.Driver</property>
        <property name="hibernate.connection.url">jdbc:mysql://localhost:3306/project</property>
        <property name="hibernate.connection.username">root</property>
        <property name="hibernate.connection.password">welcme</property>

        <property name="hibernate.show_sql">true</property>
        <property name="hibernate.hbm2ddl.auto">update</property>

        <!-- Add Entity Classes Here -->
        <mapping class="com.interaction.models.Citizen"/>
        <mapping class="com.interaction.models.Admin"/>
        <mapping class="com.interaction.models.Politician"/>
    </session-factory>
</hibernate-configuration>
